word,date
faith, 2024-09-18
uncap, 2024-09-19
pupil, 2024-09-20
tasty, 2024-09-21
buddy, 2024-09-22
think, 2024-09-23
knack, 2024-09-24
river, 2024-09-25
sunny, 2024-09-26
fresh, 2024-09-27
relax, 2024-09-28
plant, 2024-09-29
happy, 2024-09-30
dance, 2024-10-01
peppy, 2024-10-02
yummy, 2024-10-03
adept, 2024-10-04
share, 2024-10-05
trust, 2024-10-06
light, 2024-10-07
zesty, 2024-10-08
cheer, 2024-10-09
beach, 2024-10-10
ghost, 2024-10-11
zippy, 2024-10-12
power, 2024-10-13
guide, 2024-10-14
spark, 2024-10-15
grade, 2024-10-16
lapel, 2024-10-17
ocean, 2024-10-18
flair, 2024-10-19
savor, 2024-10-20
shine, 2024-10-21
cheer, 2024-10-22
novel, 2024-10-23
amaze, 2024-10-24
craft, 2024-10-25
nudge, 2024-10-26
smart, 2024-10-27
lunch, 2024-10-28
study, 2024-10-29
stare, 2024-10-30
tutor, 2024-10-31
quest, 2024-11-01
mirth, 2024-11-02
earth, 2024-11-03
learn, 2024-11-04
group, 2024-11-05
model, 2024-11-06
laugh, 2024-11-07
brain, 2024-11-08
perky, 2024-11-09
bloom, 2024-11-10
audio, 2024-11-11
craft, 2024-11-12
cloud, 2024-11-13
fiber, 2024-11-14
games, 2024-11-15
solve, 2024-11-16
eager, 2024-11-17
charm, 2024-11-18
jolly, 2024-11-19
bloom, 2024-11-20
comfy, 2024-11-21
horse, 2024-11-22
build, 2024-11-23
beach, 2024-11-24
space, 2024-11-25
mount, 2024-11-26
peace, 2024-11-27
learn, 2024-11-28
shape, 2024-11-29
union, 2024-11-30
mayor, 2024-12-01
adapt, 2024-12-02
sweet, 2024-12-03
magic, 2024-12-04
skill, 2024-12-05
focus, 2024-12-06
paper, 2024-12-07
sport, 2024-12-08
might, 2024-12-09
squad, 2024-12-10
class, 2024-12-11
essay, 2024-12-12
frack, 2024-12-13
brave, 2024-12-14
quiet, 2024-12-15
snack, 2024-12-16
music, 2024-12-17
teach, 2024-12-18
green, 2024-12-19
topic, 2024-12-20
coast, 2024-12-21
paint, 2024-12-22
bliss, 2024-12-23
party, 2024-12-24
valor, 2024-12-25
enjoy, 2024-12-26
dream, 2024-12-27
smile, 2024-12-28
